time,num,Longitude,Latitude,Altitude,Pitch,Yaw,Roll,VelocityX,VelocityY,VelocityZ,BatteryVolts,GPSFix,NumberOfSatellites,ID,Interval(sec),Transfer(MBytes),Bandwidth(MBits/sec)
2026-01-29 13:43:13.748498,17.0000000000,-78.6962747000,35.7273023000,-0.0170000000,0.0010377766,0.0232035518,0.0012282064,-0.0100000000,0.0100000000,0.0000000000,12.5870000000,6.0000000000,10.0000000000,5.0000000000,,869.0000000000,0.0109932232
2026-01-29 13:43:14.755237,18.0000000000,-78.6962747000,35.7273023000,-0.0170000000,0.0010415869,0.0231948905,0.0012257218,-0.0100000000,0.0100000000,0.0000000000,12.5870000000,6.0000000000,10.0000000000,5.0000000000,,727.0488653496,0.0419543314
2026-01-29 13:43:15.757029,19.0000000000,-78.6962747000,35.7273023000,-0.0170000000,0.0010396393,0.0231824685,0.0012245079,-0.0100000000,0.0100000000,0.0000000000,12.5870000000,6.0000000000,10.0000000000,5.0000000000,,242.9516797048,0.1243950051
2026-01-29 13:43:16.758870,20.0000000000,-78.6962747000,35.7273023000,-0.0170000000,0.0010285050,0.0231541451,0.0012236881,-0.0100000000,0.0100000000,0.0000000000,12.5870000000,6.0000000000,10.0000000000,5.0000000000,,298.4118642445,0.0531071088
2026-01-29 13:43:17.765007,21.0000000000,-78.6962747000,35.7273023000,-0.0170000000,0.0010306370,0.0231410861,0.0012194997,-0.0100000000,0.0100000000,0.0000000000,12.5870000000,6.0000000000,10.0000000000,5.0000000000,,192.9955257431,0.0603898143
2026-01-29 13:43:18.771466,22.0000000000,-78.6962747000,35.7273023000,-0.0170000000,0.0010339121,0.0231369101,0.0012244338,-0.0100000000,0.0100000000,0.0000000000,12.5870000000,6.0000000000,10.0000000000,5.0000000000,,158.0359201179,0.0692726377
2026-01-29 13:43:19.774112,23.0000000000,-78.6962747000,35.7273023000,-0.0170000000,0.0010093753,0.0231187809,0.0012102856,-0.0100000000,0.0100000000,0.0000000000,12.5870000000,6.0000000000,10.0000000000,5.0000000000,,242.0854323309,0.0517600260
2026-01-29 13:43:20.775215,24.0000000000,-78.6962747000,35.7273023000,-0.0170000000,0.0010072786,0.0231001731,0.0012126884,-0.0100000000,0.0100000000,0.0000000000,12.5870000000,6.0000000000,10.0000000000,5.0000000000,,307.5114719447,0.0410399169
2026-01-29 13:43:22.747673,25.0000000000,-78.6962747000,35.7273023000,0.0020000000,0.0011364593,0.0230701473,0.0013646358,0.0000000000,0.0000000000,0.0000000000,12.5870000000,6.0000000000,10.0000000000,5.0000000000,,263.4158110165,0.0769175385
2026-01-29 13:43:23.749142,26.0000000000,-78.6962747000,35.7273023000,0.0020000000,0.0014076454,0.0230703726,0.0016273325,0.0000000000,0.0000000000,0.0000000000,12.5870000000,6.0000000000,10.0000000000,5.0000000000,,238.5802549026,0.1959278128
2026-01-29 13:43:24.755227,27.0000000000,-78.6962747000,35.7273023000,0.0020000000,0.0017069887,0.0230940823,0.0019235222,0.0000000000,0.0000000000,0.0000000000,12.5870000000,6.0000000000,10.0000000000,5.0000000000,,299.6559619117,0.0598345108
2026-01-29 13:43:25.760776,28.0000000000,-78.6962747000,35.7273023000,0.0020000000,0.0020307065,0.0231291763,0.0022485869,0.0000000000,0.0000000000,0.0000000000,12.5870000000,6.0000000000,10.0000000000,5.0000000000,,168.6854167664,0.0597413070
2026-01-29 13:43:26.766608,29.0000000000,-78.6962747000,35.7273023000,0.0020000000,0.0023656324,0.0231974218,0.0025636195,0.0000000000,0.0000000000,0.0000000000,12.5870000000,6.0000000000,10.0000000000,5.0000000000,,291.5899023641,0.0384038363
2026-01-29 13:43:27.768335,30.0000000000,-78.6962747000,35.7273023000,0.4330000000,-0.0024860685,0.0231693033,-0.0024742975,0.0000000000,0.0000000000,-1.2400000000,12.5870000000,6.0000000000,10.0000000000,5.0000000000,,222.7833527989,0.0452506113
2026-01-29 13:43:28.774390,31.0000000000,-78.6962749000,35.7273024000,2.0760000000,0.0030764623,0.0227865390,0.0034247662,0.0000000000,0.0000000000,-1.9700000000,12.5870000000,6.0000000000,10.0000000000,5.0000000000,,220.8172610500,0.0523323372
2026-01-29 13:43:29.781717,32.0000000000,-78.6962750000,35.7273025000,4.4940000000,0.0039392067,0.0047771335,0.0043280204,-0.0100000000,0.0100000000,-2.5100000000,12.5870000000,6.0000000000,10.0000000000,5.0000000000,,156.6784065254,0.0531416786
2026-01-29 13:43:30.782751,33.0000000000,-78.6962750000,35.7273025000,7.0390000000,0.0037742034,0.0043765507,0.0036775931,-0.0100000000,0.0200000000,-2.4100000000,12.5870000000,6.0000000000,10.0000000000,5.0000000000,,52.4393054878,0.0389588526
2026-01-29 13:43:31.784517,34.0000000000,-78.6962750000,35.7273025000,9.5230000000,0.0039924877,0.0044784830,0.0042032003,-0.0200000000,0.0200000000,-2.4100000000,12.5870000000,6.0000000000,10.0000000000,5.0000000000,,0.0000000000,0.0000516170
2026-01-29 13:43:32.786387,35.0000000000,-78.6962750000,35.7273025000,12.0000000000,0.0035005077,0.0047206273,0.0030997046,-0.0200000000,0.0200000000,-2.4400000000,12.5870000000,6.0000000000,10.0000000000,5.0000000000,,0.0000000000,0.0000516170
2026-01-29 13:43:33.789662,36.0000000000,-78.6962749000,35.7273025000,14.4960000000,0.0032130789,0.0043186406,0.0026075440,-0.0100000000,0.0100000000,-2.4500000000,12.5870000000,6.0000000000,10.0000000000,5.0000000000,,0.0000000000,0.0000516170
2026-01-29 13:43:34.803182,37.0000000000,-78.6962748000,35.7273025000,16.9950000000,0.0026820160,0.0045680706,0.0022745237,-0.0100000000,0.0000000000,-2.4500000000,12.5870000000,6.0000000000,10.0000000000,5.0000000000,,36.9758280305,0.0626150859
2026-01-29 13:43:35.810862,38.0000000000,-78.6962748000,35.7273025000,19.4880000000,0.0028295666,0.0044090622,0.0034409140,0.0000000000,0.0000000000,-2.4000000000,12.5870000000,6.0000000000,10.0000000000,5.0000000000,,154.9242974842,0.2015748387
2026-01-29 13:43:36.814206,39.0000000000,-78.6962748000,35.7273025000,21.7090000000,0.0035258501,0.0044334624,0.0043588495,-0.0100000000,0.0000000000,-1.8800000000,12.5870000000,6.0000000000,10.0000000000,5.0000000000,,254.8040434631,0.0906921468
2026-01-29 13:43:37.816370,40.0000000000,-78.6962749000,35.7273025000,23.3490000000,0.0031397217,0.0045180805,0.0042570988,-0.0100000000,0.0100000000,-1.3500000000,12.5870000000,6.0000000000,10.0000000000,5.0000000000,,434.4048704565,0.0296548478
2026-01-29 13:43:38.818932,41.0000000000,-78.6962749000,35.7273025000,24.4520000000,0.0033757328,0.0044624489,0.0037176306,-0.0100000000,0.0100000000,-0.8200000000,12.5870000000,6.0000000000,10.0000000000,5.0000000000,,477.2192648248,0.0210461349
2026-01-29 13:43:40.462998,42.0000000000,-78.6962749000,35.7273025000,25.0080000000,0.0035875798,0.0047844704,0.0037382201,-0.0100000000,0.0100000000,0.0400000000,12.5870000000,6.0000000000,10.0000000000,5.0000000000,,61.1205826347,0.0307174542
2026-01-29 13:43:41.747256,43.0000000000,-78.6962749000,35.7273025000,24.9530000000,0.0034342210,0.0044227079,0.0034546496,-0.0100000000,0.0100000000,-0.0400000000,12.5870000000,6.0000000000,10.0000000000,5.0000000000,,53.5765803434,0.0215695072
2026-01-29 13:43:42.748821,44.0000000000,-78.6962749000,35.7273025000,24.9580000000,0.0029912738,0.0046113441,0.0035638693,-0.0100000000,0.0100000000,-0.0400000000,12.5870000000,6.0000000000,10.0000000000,5.0000000000,,299.1643288420,0.0869962453
2026-01-29 13:43:43.749917,45.0000000000,-78.6962752000,35.7273025000,24.9580000000,-0.0676240698,0.0113626542,-0.1792099029,0.1000000000,-0.2700000000,-0.0100000000,12.5870000000,6.0000000000,10.0000000000,5.0000000000,,433.3142269627,0.0285903104
2026-01-29 13:43:44.755251,46.0000000000,-78.6962912000,35.7273076000,24.9510000000,-0.1169527918,0.0195694454,-0.3078929484,1.0400000000,-2.6300000000,-0.0200000000,12.5870000000,6.0000000000,10.0000000000,5.0000000000,,346.9326555531,0.0252788636
2026-01-29 13:43:45.761679,47.0000000000,-78.6963307000,35.7273203000,24.9590000000,-0.0773648471,0.0128142219,-0.2286381572,1.7100000000,-4.2400000000,-0.0300000000,12.5870000000,6.0000000000,10.0000000000,5.0000000000,,436.6109626970,0.0224908455
2026-01-29 13:43:46.768295,48.0000000000,-78.6963802000,35.7273365000,24.9610000000,-0.0581067204,0.0093411794,-0.2002494484,1.8300000000,-4.5600000000,-0.0200000000,12.5870000000,6.0000000000,10.0000000000,5.0000000000,,468.5552042037,0.0188616296
2026-01-29 13:43:47.769765,49.0000000000,-78.6964319000,35.7273532000,24.9670000000,-0.0577817895,0.0063471724,-0.2021235079,1.8500000000,-4.6900000000,-0.0200000000,12.5870000000,6.0000000000,10.0000000000,5.0000000000,,484.1992297096,0.0137390617
2026-01-29 13:43:48.771494,50.0000000000,-78.6964846000,35.7273701000,24.9780000000,-0.0550708771,0.0074316636,-0.1930185407,1.8500000000,-4.7400000000,-0.0100000000,12.5870000000,6.0000000000,10.0000000000,5.0000000000,,494.0362817900,0.0173772732
2026-01-29 13:43:50.747584,51.0000000000,-78.6965895000,35.7274036000,24.9950000000,-0.0544508137,0.0074030384,-0.1867191494,1.8300000000,-4.6800000000,0.0000000000,12.5870000000,6.0000000000,10.0000000000,5.0000000000,,506.4229640035,0.0158119245
2026-01-29 13:43:51.753793,52.0000000000,-78.6966407000,35.7274199000,25.0020000000,-0.0239641722,0.0021677606,-0.1071799248,1.7500000000,-4.4700000000,0.0000000000,12.5870000000,6.0000000000,10.0000000000,5.0000000000,,548.7688378533,0.0119744091
2026-01-29 13:43:52.755098,53.0000000000,-78.6966848000,35.7274340000,25.0040000000,0.0135449246,0.0003928337,0.0017523657,1.3300000000,-3.4300000000,0.0000000000,12.5870000000,6.0000000000,10.0000000000,5.0000000000,,432.3436662929,0.0161372414
2026-01-29 13:43:53.761269,54.0000000000,-78.6967153000,35.7274437000,25.0060000000,0.0486280359,0.0021389183,0.1110590771,0.7600000000,-1.9900000000,0.0000000000,12.5870000000,6.0000000000,10.0000000000,5.0000000000,,389.4869121221,0.0139115042
2026-01-29 13:43:54.766867,55.0000000000,-78.6967283000,35.7274477000,25.0080000000,0.0394756570,0.0016655572,0.1029169410,0.1600000000,-0.4400000000,0.0000000000,12.5870000000,6.0000000000,10.0000000000,5.0000000000,,341.2976180183,0.0175587166
2026-01-29 13:43:55.773560,56.0000000000,-78.6967290000,35.7274479000,25.0030000000,0.0089405058,-0.0008007261,0.0246723033,-0.0400000000,0.1400000000,0.0000000000,12.5870000000,6.0000000000,10.0000000000,5.0000000000,,309.7819845653,0.0608347198
2026-01-29 13:43:56.774866,57.0000000000,-78.6967270000,35.7274474000,25.0000000000,-0.0447178297,0.0039186887,-0.1912580580,0.0200000000,-0.1500000000,0.0000000000,12.5870000000,6.0000000000,10.0000000000,5.0000000000,,242.1139655802,0.1459474778
2026-01-29 13:43:57.776361,58.0000000000,-78.6967415000,35.7274499000,25.0040000000,-0.0732024536,0.0106530283,-0.3264488578,0.6100000000,-2.6300000000,0.0000000000,12.5870000000,6.0000000000,10.0000000000,5.0000000000,,505.1751241163,0.0280209515
2026-01-29 13:43:58.777546,59.0000000000,-78.6967864000,35.7274583000,25.0310000000,-0.0480991751,0.0028939222,-0.2437386066,1.0700000000,-4.4900000000,-0.0600000000,12.5870000000,6.0000000000,10.0000000000,5.0000000000,,430.9822370028,0.0252079219
2026-01-29 13:43:59.782842,60.0000000000,-78.6968383000,35.7274682000,25.0440000000,-0.0350234173,0.0008025170,-0.2181256413,1.1300000000,-4.7800000000,0.0300000000,12.5870000000,6.0000000000,10.0000000000,5.0000000000,,463.6594929557,0.0219639770
2026-01-29 13:44:00.784768,61.0000000000,-78.6968925000,35.7274785000,25.0170000000,-0.0326981544,-0.0001008883,-0.2153049111,1.1500000000,-4.9300000000,0.0200000000,12.5870000000,6.0000000000,10.0000000000,5.0000000000,,440.4278001773,0.0213833902
2026-01-29 13:44:01.787849,62.0000000000,-78.6969479000,35.7274889000,25.0080000000,-0.0309091825,-0.0002463567,-0.2057422400,1.1400000000,-4.9400000000,0.0000000000,12.5870000000,6.0000000000,10.0000000000,5.0000000000,,456.8223793360,0.0199351394
2026-01-29 13:44:02.789780,63.0000000000,-78.6970026000,35.7274991000,25.0080000000,-0.0318876952,0.0002604847,-0.2054847926,1.1300000000,-4.9300000000,0.0000000000,12.5870000000,6.0000000000,10.0000000000,5.0000000000,,435.4514773165,0.0172829583
2026-01-29 13:44:04.369137,64.0000000000,-78.6970844000,35.7275144000,25.0080000000,-0.0325733460,-0.0002658644,-0.2023046613,1.1300000000,-4.8900000000,0.0000000000,12.5870000000,6.0000000000,10.0000000000,5.0000000000,,582.1266160632,0.0099774803
2026-01-29 13:44:05.747385,65.0000000000,-78.6971603000,35.7275286000,25.0090000000,-0.0310853124,-0.0007330637,-0.1992095858,1.1300000000,-4.8800000000,0.0000000000,12.5870000000,6.0000000000,10.0000000000,5.0000000000,,409.6710620576,0.0156857862
2026-01-29 13:44:06.753481,66.0000000000,-78.6972139000,35.7275387000,25.0110000000,-0.0329370946,0.0008604123,-0.2071372718,1.1300000000,-4.8700000000,0.0100000000,12.5870000000,6.0000000000,10.0000000000,5.0000000000,,473.9628524181,0.0126023479
2026-01-29 13:44:07.759270,67.0000000000,-78.6972678000,35.7275488000,25.0110000000,-0.0327099152,0.0000553045,-0.2030599117,1.1400000000,-4.8900000000,0.0100000000,12.5870000000,6.0000000000,10.0000000000,5.0000000000,,465.6740216173,0.0164808134
2026-01-29 13:44:08.765494,68.0000000000,-78.6973217000,35.7275590000,25.0110000000,-0.0329732634,-0.0003218220,-0.2051671594,1.1400000000,-4.8900000000,0.0100000000,12.5870000000,6.0000000000,10.0000000000,5.0000000000,,443.1456198524,0.0147909429
2026-01-29 13:44:09.770655,69.0000000000,-78.6973758000,35.7275692000,25.0110000000,-0.0319049731,-0.0005947735,-0.2017201781,1.1400000000,-4.8900000000,0.0100000000,12.5870000000,6.0000000000,10.0000000000,5.0000000000,,368.5495042778,0.0174566655
2026-01-29 13:44:10.773007,70.0000000000,-78.6974298000,35.7275793000,25.0110000000,-0.0326158926,0.0001772007,-0.2027568072,1.1400000000,-4.8700000000,0.0100000000,12.5870000000,6.0000000000,10.0000000000,5.0000000000,,466.7279488495,0.0178388157
2026-01-29 13:44:11.774893,71.0000000000,-78.6974839000,35.7275895000,25.0110000000,-0.0317062251,-0.0009287837,-0.1997378170,1.1400000000,-4.8700000000,0.0100000000,12.5870000000,6.0000000000,10.0000000000,5.0000000000,,465.0396407564,0.0174165694
2026-01-29 13:44:12.776069,72.0000000000,-78.6975374000,35.7275995000,25.0100000000,-0.0330846421,0.0009213101,-0.2072411627,1.1400000000,-4.8700000000,0.0100000000,12.5870000000,6.0000000000,10.0000000000,5.0000000000,,536.6114519831,0.0113964495
2026-01-29 13:44:13.777830,73.0000000000,-78.6975912000,35.7276097000,25.0080000000,-0.0329613462,-0.0000226216,-0.2045216858,1.1400000000,-4.9000000000,0.0000000000,12.5870000000,6.0000000000,10.0000000000,5.0000000000,,459.5282424202,0.0274585164
2026-01-29 13:44:14.778794,74.0000000000,-78.6976453000,35.7276199000,25.0080000000,-0.0321962424,0.0008016834,-0.2031790018,1.1400000000,-4.8900000000,0.0000000000,12.5870000000,6.0000000000,10.0000000000,5.0000000000,,388.0396342049,0.0621571604
2026-01-29 13:44:15.785284,75.0000000000,-78.6977017000,35.7276305000,25.0080000000,0.0011627844,-0.0045611272,-0.0530234575,0.9600000000,-4.1200000000,0.0100000000,12.5870000000,6.0000000000,10.0000000000,5.0000000000,,631.1323809002,0.0190885353
2026-01-29 13:44:16.791167,76.0000000000,-78.6977403000,35.7276376000,25.0040000000,0.0189830456,-0.0044759642,0.0488718078,0.6300000000,-2.7700000000,0.0000000000,12.5870000000,6.0000000000,10.0000000000,5.0000000000,,573.5405398698,0.0158832090
2026-01-29 13:44:17.798009,77.0000000000,-78.6977618000,35.7276415000,25.0050000000,0.0343660749,-0.0030641414,0.1403831542,0.2400000000,-1.0600000000,0.0000000000,12.5870000000,6.0000000000,10.0000000000,5.0000000000,,629.9631435190,0.0163074242
2026-01-29 13:44:18.804918,78.0000000000,-78.6977667000,35.7276424000,25.0010000000,0.0137080122,-0.0050488869,0.0638280436,0.0100000000,0.0000000000,0.0000000000,12.5870000000,6.0000000000,10.0000000000,5.0000000000,,544.7315783437,0.0188682696
2026-01-29 13:44:19.807939,79.0000000000,-78.6977648000,35.7276422000,24.9970000000,0.0019144013,-0.0055254553,0.0060965037,-0.0200000000,0.1900000000,0.0000000000,12.5870000000,6.0000000000,10.0000000000,5.0000000000,,550.2382415251,0.0138860495
2026-01-29 13:44:20.814390,80.0000000000,-78.6977683000,35.7276429000,24.9940000000,-0.0681273565,0.0050681736,-0.2961796820,0.3700000000,-1.5100000000,0.0000000000,12.5870000000,6.0000000000,10.0000000000,5.0000000000,,583.2852665840,0.0134678413
2026-01-29 13:44:21.821958,81.0000000000,-78.6977975000,35.7276485000,25.0030000000,-0.0788891315,0.0078792647,-0.3577325642,0.9300000000,-3.8900000000,0.0000000000,12.5870000000,6.0000000000,10.0000000000,5.0000000000,,608.8703188211,0.0133665848
2026-01-29 13:44:22.827617,82.0000000000,-78.6978457000,35.7276578000,25.0070000000,-0.0391225629,-0.0033959439,-0.2243967950,1.1100000000,-4.6400000000,0.0000000000,12.5870000000,6.0000000000,10.0000000000,5.0000000000,,582.7656624518,0.0160868167
2026-01-29 13:44:23.830982,83.0000000000,-78.6978985000,35.7276679000,25.0010000000,-0.0350969695,-0.0043355194,-0.2216244042,1.1400000000,-4.8800000000,0.0000000000,12.5870000000,6.0000000000,10.0000000000,5.0000000000,,678.1101724254,0.0157801065
2026-01-29 13:44:24.833040,84.0000000000,-78.6979536000,35.7276782000,25.0000000000,-0.0328236930,-0.0043804464,-0.2118196040,1.1500000000,-4.9700000000,0.0000000000,12.5870000000,6.0000000000,10.0000000000,5.0000000000,,749.5574244817,0.0132171046
2026-01-29 13:44:25.838069,85.0000000000,-78.6980088000,35.7276885000,25.0000000000,-0.0325134061,-0.0050362744,-0.2057882100,1.1500000000,-4.9600000000,0.0000000000,12.5870000000,6.0000000000,10.0000000000,5.0000000000,,649.7033369160,0.0133790583
2026-01-29 13:44:26.843148,86.0000000000,-78.6980639000,35.7276988000,25.0010000000,-0.0311619807,-0.0049889344,-0.1991593540,1.1400000000,-4.9100000000,0.0000000000,12.5870000000,6.0000000000,10.0000000000,5.0000000000,,660.6870033281,0.0157965236
2026-01-29 13:44:27.848863,87.0000000000,-78.6981178000,35.7277088000,25.0020000000,-0.0341063701,-0.0049049705,-0.2058070749,1.1400000000,-4.9000000000,0.0000000000,12.5870000000,6.0000000000,10.0000000000,5.0000000000,,494.4629238804,0.0287501221
2026-01-29 13:44:28.851427,88.0000000000,-78.6981721000,35.7277190000,25.0040000000,-0.0330659784,-0.0049550426,-0.2027233094,1.1400000000,-4.8900000000,0.0000000000,12.5870000000,6.0000000000,10.0000000000,5.0000000000,,246.2779778524,4.5119561296
2026-01-29 13:44:29.853970,89.0000000000,-78.6982259000,35.7277291000,25.0050000000,-0.0336887278,-0.0044007618,-0.2059517056,1.1500000000,-4.8900000000,0.0000000000,12.5870000000,6.0000000000,10.0000000000,5.0000000000,,239.6165264289,9.7243574899
2026-01-29 13:44:30.858839,90.0000000000,-78.6982802000,35.7277393000,25.0050000000,-0.0326054618,-0.0046994463,-0.2002833486,1.1400000000,-4.8800000000,0.0000000000,12.5870000000,6.0000000000,10.0000000000,5.0000000000,,805.2105343163,0.0137260961
2026-01-29 13:44:31.865078,91.0000000000,-78.6983339000,35.7277495000,25.0050000000,-0.0334324203,-0.0048666233,-0.2048778534,1.1400000000,-4.8800000000,0.0000000000,12.5870000000,6.0000000000,10.0000000000,5.0000000000,,614.8603245393,3.5054692834
2026-01-29 13:44:32.871475,92.0000000000,-78.6983880000,35.7277597000,25.0050000000,-0.0321857482,-0.0054617776,-0.2015687376,1.1400000000,-4.8800000000,0.0000000000,12.5870000000,6.0000000000,10.0000000000,5.0000000000,,1.0967456131,10.5743193024
2026-01-29 13:44:33.877134,93.0000000000,-78.6984414000,35.7277697000,25.0050000000,-0.0337120891,-0.0042052642,-0.2087715566,1.1400000000,-4.8900000000,0.0000000000,12.5870000000,6.0000000000,10.0000000000,5.0000000000,,1.1504234832,9.7336015721
2026-01-29 13:44:34.883554,94.0000000000,-78.6984955000,35.7277799000,25.0060000000,-0.0328556001,-0.0048924834,-0.2040660232,1.1500000000,-4.9100000000,0.0000000000,12.5870000000,6.0000000000,10.0000000000,5.0000000000,,1.2004079451,9.2671244331
2026-01-29 13:44:36.743210,95.0000000000,-78.6985984000,35.7277993000,25.0070000000,-0.0314846709,-0.0050661466,-0.1994061321,1.1400000000,-4.8800000000,0.0000000000,12.5870000000,6.0000000000,10.0000000000,5.0000000000,,1.2920681053,7.5500990269
2026-01-29 13:44:37.749284,96.0000000000,-78.6986522000,35.7278094000,25.0070000000,-0.0329747833,-0.0050202901,-0.2033417076,1.1400000000,-4.8600000000,0.0000000000,12.5870000000,6.0000000000,10.0000000000,5.0000000000,,1.3276274943,5.9663593726
2026-01-29 13:44:38.755903,97.0000000000,-78.6987057000,35.7278195000,25.0070000000,-0.0153949335,-0.0079348711,-0.1329385787,1.1100000000,-4.7500000000,0.0000000000,12.5870000000,6.0000000000,10.0000000000,5.0000000000,,1.4649747359,5.8052111851
2026-01-29 13:44:39.757634,98.0000000000,-78.6987529000,35.7278283000,25.0020000000,0.0087194638,-0.0091590621,-0.0113324337,0.8600000000,-3.7100000000,0.0000000000,12.5870000000,6.0000000000,10.0000000000,5.0000000000,,1.5679243243,5.8886678921
2026-01-29 13:44:40.763725,99.0000000000,-78.6987864000,35.7278344000,25.0010000000,0.0285098366,-0.0085056191,0.1006024554,0.5200000000,-2.2500000000,0.0000000000,12.5870000000,6.0000000000,10.0000000000,5.0000000000,,1.5238233352,6.9428999744
2026-01-29 13:44:41.765958,100.0000000000,-78.6988018000,35.7278372000,25.0010000000,0.0263286382,-0.0085044596,0.1154075190,0.1400000000,-0.5800000000,0.0000000000,12.5870000000,6.0000000000,10.0000000000,5.0000000000,,1.6147859201,8.1163299899
2026-01-29 13:44:42.772299,101.0000000000,-78.6988031000,35.7278374000,24.9970000000,0.0061443672,-0.0104247192,0.0315973498,0.0000000000,0.1300000000,0.0000000000,12.5870000000,6.0000000000,10.0000000000,5.0000000000,,1.4521605360,7.8113091546
2026-01-29 13:44:43.774019,102.0000000000,-78.6988007000,35.7278372000,24.9930000000,-0.0116811413,-0.0102420179,-0.0511506647,0.0000000000,0.1500000000,0.0000000000,12.5870000000,6.0000000000,10.0000000000,5.0000000000,,1.1810065772,7.1085940082
2026-01-29 13:44:44.776981,103.0000000000,-78.6988086000,35.7278389000,24.9930000000,-0.0727797002,0.0011040366,-0.3108654916,0.5100000000,-2.0400000000,-0.0100000000,12.5870000000,6.0000000000,10.0000000000,5.0000000000,,1.1800211274,8.3873481225
2026-01-29 13:44:45.782713,104.0000000000,-78.6988433000,35.7278458000,25.0020000000,-0.0586389527,-0.0038566568,-0.2838099599,1.0200000000,-4.2100000000,-0.0100000000,12.5870000000,6.0000000000,10.0000000000,5.0000000000,,1.3207834328,10.9992765707
2026-01-29 13:44:46.787822,105.0000000000,-78.6988930000,35.7278555000,25.0020000000,-0.0366982110,-0.0095122568,-0.2210323662,1.1300000000,-4.7200000000,0.0000000000,12.5870000000,6.0000000000,10.0000000000,5.0000000000,,1.2403391135,10.0831777743
2026-01-29 13:44:47.789737,106.0000000000,-78.6989469000,35.7278659000,24.9980000000,-0.0346478447,-0.0095581263,-0.2154006660,1.1500000000,-4.8900000000,0.0000000000,12.5870000000,6.0000000000,10.0000000000,5.0000000000,,1.4272078690,8.8767075406
2026-01-29 13:44:48.790827,107.0000000000,-78.6990016000,35.7278763000,24.9980000000,-0.0351230465,-0.0100829173,-0.2120551914,1.1700000000,-4.9600000000,0.0000000000,12.5870000000,6.0000000000,10.0000000000,5.0000000000,,1.4567036216,8.2266674059
2026-01-29 13:44:49.811925,108.0000000000,-78.6990624000,35.7278878000,24.9980000000,-0.0336792395,-0.0093991822,-0.2033929527,1.1700000000,-4.9400000000,0.0000000000,12.5870000000,6.0000000000,10.0000000000,5.0000000000,,1.6601638269,6.7649743315
2026-01-29 13:44:51.746810,109.0000000000,-78.6991660000,35.7279075000,25.0010000000,-0.0335663110,-0.0100703901,-0.1993693411,1.1700000000,-4.8800000000,0.0000000000,12.5870000000,6.0000000000,10.0000000000,5.0000000000,,1.3505140350,6.9516219281
2026-01-29 13:44:52.748663,110.0000000000,-78.6992197000,35.7279178000,25.0020000000,-0.0345710963,-0.0101137934,-0.2039185017,1.1700000000,-4.8700000000,0.0000000000,12.5870000000,6.0000000000,10.0000000000,5.0000000000,,180.6810092038,6.3025240563
2026-01-29 13:44:53.750520,111.0000000000,-78.6992736000,35.7279282000,25.0020000000,-0.0348257534,-0.0103564886,-0.2041628659,1.1700000000,-4.8800000000,0.0000000000,12.5870000000,6.0000000000,10.0000000000,5.0000000000,,860.7756559097,0.0127206864
2026-01-29 13:44:54.752070,112.0000000000,-78.6993271000,35.7279385000,25.0020000000,-0.0352220982,-0.0094155474,-0.2081280053,1.1800000000,-4.9000000000,0.0000000000,12.5870000000,6.0000000000,10.0000000000,5.0000000000,,889.9791070270,0.0175011761
2026-01-29 13:44:55.753390,113.0000000000,-78.6993814000,35.7279489000,25.0040000000,-0.0333315916,-0.0106356423,-0.2010915428,1.1700000000,-4.9000000000,0.0000000000,12.5870000000,6.0000000000,10.0000000000,5.0000000000,,625.8795142175,1.9628174763
2026-01-29 13:44:56.755683,114.0000000000,-78.6994352000,35.7279593000,25.0040000000,-0.0337034501,-0.0098472247,-0.2038515061,1.1700000000,-4.8800000000,0.0000000000,12.5870000000,6.0000000000,10.0000000000,5.0000000000,,1.2343839126,8.9673255908
2026-01-29 13:44:57.761867,115.0000000000,-78.6994893000,35.7279697000,25.0040000000,-0.0324962027,-0.0105127282,-0.2002540231,1.1700000000,-4.8800000000,0.0000000000,12.5870000000,6.0000000000,10.0000000000,5.0000000000,,1.3379679746,8.7193106360
2026-01-29 13:44:58.763470,116.0000000000,-78.6995429000,35.7279800000,25.0040000000,-0.0340848938,-0.0099720312,-0.2052689046,1.1600000000,-4.8700000000,0.0000000000,12.5870000000,6.0000000000,10.0000000000,5.0000000000,,1.6559010937,8.3564073772
2026-01-29 13:44:59.764417,117.0000000000,-78.6995967000,35.7279903000,25.0040000000,-0.0337627754,-0.0096326005,-0.2035473138,1.1700000000,-4.8800000000,0.0000000000,12.5870000000,6.0000000000,10.0000000000,5.0000000000,,1.7328008304,8.1062464669
2026-01-29 13:45:00.765465,118.0000000000,-78.6996504000,35.7280006000,25.0040000000,-0.0343363397,-0.0099991923,-0.2056407034,1.1700000000,-4.8900000000,0.0000000000,12.5870000000,6.0000000000,10.0000000000,5.0000000000,,1.7367785935,7.6236330032
2026-01-29 13:45:01.770267,119.0000000000,-78.6997046000,35.7280110000,25.0050000000,-0.0329253487,-0.0105992295,-0.2006920129,1.1700000000,-4.8900000000,0.0000000000,12.5870000000,6.0000000000,10.0000000000,5.0000000000,,204.4395637245,6.8859421230
2026-01-29 13:45:02.776224,120.0000000000,-78.6997584000,35.7280214000,25.0050000000,-0.0337732658,-0.0105499709,-0.2033399045,1.1600000000,-4.8700000000,0.0000000000,12.5870000000,6.0000000000,10.0000000000,5.0000000000,,813.3358913547,0.0137466748
2026-01-29 13:45:03.782833,121.0000000000,-78.6998123000,35.7280317000,25.0040000000,-0.0335762799,-0.0108716581,-0.2025428712,1.1700000000,-4.8800000000,0.0000000000,12.5870000000,6.0000000000,10.0000000000,5.0000000000,,480.3344454064,1.9812713049
2026-01-29 13:45:04.788360,122.0000000000,-78.6998659000,35.7280420000,25.0040000000,-0.0342749096,-0.0100991838,-0.2061493844,1.1600000000,-4.8800000000,0.0000000000,12.5870000000,6.0000000000,10.0000000000,5.0000000000,,1.6127642217,9.4014387724
2026-01-29 13:45:06.727884,123.0000000000,-78.6999676000,35.7280615000,25.0010000000,0.0095768012,-0.0149698118,-0.0128077948,0.8900000000,-3.7500000000,0.0000000000,12.5870000000,6.0000000000,10.0000000000,5.0000000000,,1.8253262033,6.3395754005
2026-01-29 13:45:07.742219,124.0000000000,-78.7000016000,35.7280678000,24.9990000000,0.0281095803,-0.0142459413,0.0950127617,0.5400000000,-2.3000000000,0.0000000000,12.5870000000,6.0000000000,10.0000000000,5.0000000000,,1.7170291361,6.0238936624
2026-01-29 13:45:08.743572,125.0000000000,-78.7000175000,35.7280707000,25.0000000000,0.0276599787,-0.0142312422,0.1174952015,0.1500000000,-0.6200000000,0.0000000000,12.5870000000,6.0000000000,10.0000000000,5.0000000000,,1.2427466691,7.5010087037
2026-01-29 13:45:09.749898,126.0000000000,-78.7000192000,35.7280710000,24.9960000000,0.0063494775,-0.0164002609,0.0337975472,0.0000000000,0.1200000000,0.0000000000,12.5870000000,6.0000000000,10.0000000000,5.0000000000,,1.8582959017,11.3023034606
2026-01-29 13:45:10.751267,127.0000000000,-78.7000168000,35.7280708000,24.9920000000,-0.0328890830,-0.0140403705,-0.1314966381,0.0300000000,0.0200000000,0.0000000000,12.5870000000,6.0000000000,10.0000000000,5.0000000000,,1.4743991962,7.3796353213
2026-01-29 13:45:11.757003,128.0000000000,-78.7000283000,35.7280732000,24.9930000000,-0.0769007131,-0.0038253423,-0.3201393485,0.6000000000,-2.3900000000,-0.0100000000,12.5870000000,6.0000000000,10.0000000000,5.0000000000,,1.7497254441,4.7730390791
2026-01-29 13:45:12.762565,129.0000000000,-78.7000663000,35.7280810000,25.0020000000,-0.0518168770,-0.0119828535,-0.2568033934,1.0800000000,-4.3400000000,-0.0100000000,12.5870000000,6.0000000000,10.0000000000,5.0000000000,,2.0031306894,4.0845640499
2026-01-29 13:45:13.764584,130.0000000000,-78.7001167000,35.7280912000,25.0010000000,-0.0365368612,-0.0155972801,-0.2199839801,1.1500000000,-4.7400000000,0.0000000000,12.5870000000,6.0000000000,10.0000000000,5.0000000000,,2.3580409550,3.0260790918
2026-01-29 13:45:14.769548,131.0000000000,-78.7001705000,35.7281017000,24.9980000000,-0.0370267369,-0.0161261745,-0.2172046155,1.1700000000,-4.9100000000,0.0000000000,12.5870000000,6.0000000000,10.0000000000,5.0000000000,,2.4739163432,5.2999535188
2026-01-29 13:45:15.772075,132.0000000000,-78.7002253000,35.7281122000,24.9980000000,-0.0360085033,-0.0155029865,-0.2085925341,1.1900000000,-4.9800000000,0.0000000000,12.5870000000,6.0000000000,10.0000000000,5.0000000000,,2.9129301440,8.0637852506
2026-01-29 13:45:16.774230,133.0000000000,-78.7002779000,35.7281223000,24.9960000000,0.0033228036,-0.0211751536,-0.0450822487,1.0100000000,-4.2200000000,0.0000000000,12.5870000000,6.0000000000,10.0000000000,5.0000000000,,1.4865067974,6.8928198219
2026-01-29 13:45:17.776418,134.0000000000,-78.7003178000,35.7281298000,24.9950000000,0.0212810803,-0.0205801111,0.0578444786,0.6800000000,-2.8600000000,0.0000000000,12.5870000000,6.0000000000,10.0000000000,5.0000000000,,0.0000000000,0.0000090420
2026-01-29 13:45:18.781741,135.0000000000,-78.7003404000,35.7281340000,24.9960000000,0.0354943089,-0.0193307679,0.1392914951,0.2800000000,-1.1300000000,0.0000000000,12.5870000000,6.0000000000,10.0000000000,5.0000000000,,0.6605356389,0.5761406928
2026-01-29 13:45:19.783195,136.0000000000,-78.7003457000,35.7281350000,24.9950000000,0.0121171298,-0.0219443906,0.0579819530,0.0300000000,-0.0200000000,0.0000000000,12.5870000000,6.0000000000,10.0000000000,5.0000000000,,2.9962327479,2.1960217586
2026-01-29 13:45:20.789434,137.0000000000,-78.7003438000,35.7281349000,24.9910000000,0.0009338064,-0.0224007685,0.0030061281,0.0000000000,0.1900000000,0.0000000000,12.5870000000,6.0000000000,10.0000000000,5.0000000000,,4.0998634113,1.7504666989
2026-01-29 13:45:22.747243,138.0000000000,-78.7003310000,35.7281596000,24.9910000000,-0.3400460482,-0.0386437513,0.1010093540,3.6700000000,1.1200000000,-0.0100000000,12.5870000000,6.0000000000,10.0000000000,5.0000000000,,4.7913288999,3.5285459099
2026-01-29 13:45:23.754420,139.0000000000,-78.7003162000,35.7281975000,24.9960000000,-0.2220734060,-0.0291660968,0.0521239303,4.5700000000,1.3600000000,0.0000000000,12.5870000000,6.0000000000,10.0000000000,5.0000000000,,2.9728489632,5.0858934489
2026-01-29 13:45:24.759558,140.0000000000,-78.7003004000,35.7282400000,24.9930000000,-0.2119100094,-0.0286842249,0.0474252254,4.8000000000,1.3900000000,0.0000000000,12.5870000000,6.0000000000,10.0000000000,5.0000000000,,1.8580282676,4.0445937749
2026-01-29 13:45:25.761367,141.0000000000,-78.7002846000,35.7282837000,24.9950000000,-0.2096644640,-0.0290292315,0.0494619422,4.9000000000,1.4100000000,0.0000000000,12.5870000000,6.0000000000,10.0000000000,5.0000000000,,1.9227292533,4.4044361877
2026-01-29 13:45:27.439427,142.0000000000,-78.7002604000,35.7283513000,24.9920000000,0.0050260960,-0.0252512135,-0.0124135716,3.4400000000,0.9800000000,0.0000000000,12.5870000000,6.0000000000,10.0000000000,5.0000000000,,3.1839862237,5.5487037100
2026-01-29 13:45:28.744183,143.0000000000,-78.7002503000,35.7283802000,24.9960000000,0.1387002766,-0.0289926454,-0.0448282361,1.3400000000,0.3700000000,0.0000000000,12.5870000000,6.0000000000,10.0000000000,5.0000000000,,2.2995238145,6.5456841778
2026-01-29 13:45:29.748210,144.0000000000,-78.7002483000,35.7283858000,24.9970000000,0.0824018866,-0.0274190176,-0.0225977693,0.1000000000,0.0300000000,0.0000000000,12.5870000000,6.0000000000,10.0000000000,5.0000000000,,1.7238153275,6.0422174470
2026-01-29 13:45:30.753857,145.0000000000,-78.7002485000,35.7283847000,24.9930000000,0.0133280465,-0.0263054948,-0.0021426852,-0.1800000000,-0.0400000000,0.0000000000,12.5870000000,6.0000000000,10.0000000000,5.0000000000,,147.8780227408,1.6694228694
2026-01-29 13:45:31.755124,146.0000000000,-78.7002474000,35.7283824000,24.9900000000,0.0483433716,-0.0202868581,0.2233627439,-0.2900000000,0.7500000000,0.0000000000,12.5870000000,6.0000000000,10.0000000000,5.0000000000,,525.4661105106,1.0389629417
2026-01-29 13:45:32.761248,147.0000000000,-78.7002255000,35.7283769000,24.9910000000,0.0785961673,-0.0118980585,0.3341938257,-0.8200000000,3.2300000000,-0.0100000000,12.5870000000,6.0000000000,10.0000000000,5.0000000000,,2.3682410521,4.9028779973
2026-01-29 13:45:33.767149,148.0000000000,-78.7001803000,35.7283674000,24.9920000000,0.0450699627,-0.0211810004,0.2349617034,-1.1000000000,4.5300000000,0.0000000000,12.5870000000,6.0000000000,10.0000000000,5.0000000000,,2.3383997159,5.3814567675
2026-01-29 13:45:34.769671,149.0000000000,-78.7001280000,35.7283569000,24.9850000000,0.0387953557,-0.0229078364,0.2187006325,-1.1300000000,4.7900000000,-0.0100000000,12.5870000000,6.0000000000,10.0000000000,5.0000000000,,1.7719964989,5.4286615168
2026-01-29 13:45:35.772012,150.0000000000,-78.7000736000,35.7283464000,24.9830000000,0.0408745185,-0.0224792026,0.2144264281,-1.1500000000,4.9100000000,-0.0100000000,12.5870000000,6.0000000000,10.0000000000,5.0000000000,,1.6257870021,8.2443923181
2026-01-29 13:45:36.776178,151.0000000000,-78.7000130000,35.7283348000,24.9830000000,0.0400084816,-0.0224703178,0.2063900530,-1.1700000000,4.9500000000,-0.0100000000,12.5870000000,6.0000000000,10.0000000000,5.0000000000,,1.7714251213,8.1428257785
2026-01-29 13:45:37.780550,152.0000000000,-78.6999577000,35.7283242000,24.9820000000,0.0387938097,-0.0231406316,0.1997688115,-1.1700000000,4.8900000000,-0.0100000000,12.5870000000,6.0000000000,10.0000000000,5.0000000000,,2.6190391553,5.1537569545
2026-01-29 13:45:38.782373,153.0000000000,-78.6999034000,35.7283136000,24.9830000000,0.0387596153,-0.0230896007,0.2005669177,-1.1700000000,4.8600000000,-0.0100000000,12.5870000000,6.0000000000,10.0000000000,5.0000000000,,2.0038783110,7.0397919343
2026-01-29 13:45:39.784032,154.0000000000,-78.6998493000,35.7283031000,24.9830000000,0.0386283994,-0.0230952315,0.2009159476,-1.1600000000,4.8400000000,-0.0100000000,12.5870000000,6.0000000000,10.0000000000,5.0000000000,,1.7053216552,7.6230203610
2026-01-29 13:45:40.786398,155.0000000000,-78.6997956000,35.7282926000,24.9800000000,0.0383134522,-0.0229585115,0.2037903666,-1.1600000000,4.8500000000,-0.0100000000,12.5870000000,6.0000000000,10.0000000000,5.0000000000,,1.5799989196,9.7816989356
2026-01-29 13:45:41.787699,156.0000000000,-78.6997416000,35.7282821000,24.9810000000,0.0381842330,-0.0234974064,0.2020571530,-1.1500000000,4.8400000000,-0.0100000000,12.5870000000,6.0000000000,10.0000000000,5.0000000000,,1.4722355895,7.8502557077
2026-01-29 13:45:42.800280,157.0000000000,-78.6996881000,35.7282717000,24.9800000000,0.0391167738,-0.0231109820,0.2058470696,-1.1600000000,4.8600000000,-0.0100000000,12.5870000000,6.0000000000,10.0000000000,5.0000000000,,1.4276633220,9.8031343469
2026-01-29 13:45:43.802985,158.0000000000,-78.6996340000,35.7282611000,24.9810000000,0.0368691608,-0.0226928890,0.2011955082,-1.1500000000,4.8500000000,-0.0100000000,12.5870000000,6.0000000000,10.0000000000,5.0000000000,,1.5426571913,8.3064341113
2026-01-29 13:45:44.806228,159.0000000000,-78.6995803000,35.7282507000,24.9820000000,0.0380341746,-0.0229405370,0.2035168409,-1.1500000000,4.8500000000,-0.0100000000,12.5870000000,6.0000000000,10.0000000000,5.0000000000,,1.1774824305,9.3279195723
2026-01-29 13:45:45.811668,160.0000000000,-78.6995263000,35.7282402000,24.9840000000,0.0380624346,-0.0234971531,0.2027992755,-1.1500000000,4.8400000000,-0.0100000000,12.5870000000,6.0000000000,10.0000000000,5.0000000000,,1.4508666819,8.7296686274
2026-01-29 13:45:46.818427,161.0000000000,-78.6994727000,35.7282297000,24.9840000000,0.0381942764,-0.0243246518,0.2046512365,-1.1500000000,4.8500000000,-0.0100000000,12.5870000000,6.0000000000,10.0000000000,5.0000000000,,1.6420558011,10.5189144071
2026-01-29 13:45:47.825796,162.0000000000,-78.6994185000,35.7282192000,24.9840000000,0.0360890515,-0.0230956431,0.1988244951,-1.1500000000,4.8400000000,-0.0100000000,12.5870000000,6.0000000000,10.0000000000,5.0000000000,,1.4245444076,9.7845334939
2026-01-29 13:45:48.830823,163.0000000000,-78.6993648000,35.7282088000,24.9850000000,0.0378675051,-0.0241135526,0.2027918994,-1.1400000000,4.8300000000,-0.0100000000,12.5870000000,6.0000000000,10.0000000000,5.0000000000,,1.2253416199,10.3523876168
2026-01-29 13:45:49.837816,164.0000000000,-78.6993109000,35.7281983000,24.9850000000,0.0369472839,-0.0243373048,0.1995215416,-1.1500000000,4.8300000000,-0.0100000000,12.5870000000,6.0000000000,10.0000000000,5.0000000000,,1.3491962431,9.4057245900
2026-01-29 13:45:50.839680,165.0000000000,-78.6992573000,35.7281879000,24.9850000000,0.0381814390,-0.0229222700,0.2043589056,-1.1500000000,4.8400000000,-0.0100000000,12.5870000000,6.0000000000,10.0000000000,5.0000000000,,1.3793230985,10.3532299358
2026-01-29 13:45:51.844812,166.0000000000,-78.6992033000,35.7281774000,24.9860000000,0.0360628217,-0.0235435572,0.1980487555,-1.1500000000,4.8500000000,-0.0100000000,12.5870000000,6.0000000000,10.0000000000,5.0000000000,,1.2430852691,11.2829429817
2026-01-29 13:45:53.104159,167.0000000000,-78.6991335000,35.7281639000,24.9880000000,0.0377941132,-0.0232766848,0.2040436119,-1.1500000000,4.8400000000,-0.0100000000,12.5870000000,6.0000000000,10.0000000000,5.0000000000,,1.1704995656,10.6577952714
2026-01-29 13:45:54.112277,168.0000000000,-78.6990796000,35.7281534000,24.9880000000,0.0361865088,-0.0235369932,0.2003233284,-1.1500000000,4.8400000000,-0.0100000000,12.5870000000,6.0000000000,10.0000000000,5.0000000000,,1.0927229653,11.7916231019
2026-01-29 13:45:55.117287,169.0000000000,-78.6990258000,35.7281429000,24.9880000000,0.0372169912,-0.0236649103,0.2016051263,-1.1500000000,4.8300000000,-0.0100000000,12.5870000000,6.0000000000,10.0000000000,5.0000000000,,1.1612811322,9.9585639985
2026-01-29 13:45:56.118613,170.0000000000,-78.6989717000,35.7281324000,24.9880000000,0.0352762267,-0.0242285524,0.1976810694,-1.1500000000,4.8300000000,-0.0100000000,12.5870000000,6.0000000000,10.0000000000,5.0000000000,,1.1850861401,9.9876973680
2026-01-29 13:45:57.120972,171.0000000000,-78.6989184000,35.7281221000,24.9910000000,0.0384340100,-0.0229883417,0.2057969719,-1.1500000000,4.8400000000,0.0000000000,12.5870000000,6.0000000000,10.0000000000,5.0000000000,,433.6354190521,4.6843017127
2026-01-29 13:45:58.122461,172.0000000000,-78.6988644000,35.7281116000,24.9920000000,0.0359018818,-0.0234568436,0.2003606558,-1.1500000000,4.8500000000,0.0000000000,12.5870000000,6.0000000000,10.0000000000,5.0000000000,,307.4734506019,5.6594367541
2026-01-29 13:45:59.130643,173.0000000000,-78.6988106000,35.7281011000,24.9900000000,0.0374268070,-0.0237575080,0.2027150095,-1.1500000000,4.8400000000,0.0000000000,12.5870000000,6.0000000000,10.0000000000,5.0000000000,,1.3127360538,9.8443485417
2026-01-29 13:46:00.137806,174.0000000000,-78.6987566000,35.7280906000,24.9880000000,0.0361028351,-0.0232221112,0.1998580247,-1.1500000000,4.8400000000,-0.0100000000,12.5870000000,6.0000000000,10.0000000000,5.0000000000,,1.4885699818,8.3006196334
2026-01-29 13:46:01.145280,175.0000000000,-78.6987029000,35.7280802000,24.9900000000,0.0373965278,-0.0222825296,0.2019262165,-1.1500000000,4.8300000000,-0.0100000000,12.5870000000,6.0000000000,10.0000000000,5.0000000000,,1.4513219595,8.3671075170
2026-01-29 13:46:02.151867,176.0000000000,-78.6986490000,35.7280697000,24.9920000000,0.0359040312,-0.0241017118,0.2000502646,-1.1500000000,4.8400000000,0.0000000000,12.5870000000,6.0000000000,10.0000000000,5.0000000000,,1.1577016975,8.7406362768
2026-01-29 13:46:03.153801,177.0000000000,-78.6985954000,35.7280593000,24.9920000000,0.0376523584,-0.0234504864,0.2045926899,-1.1500000000,4.8300000000,0.0000000000,12.5870000000,6.0000000000,10.0000000000,5.0000000000,,1.4386513400,7.5762565737
2026-01-29 13:46:04.158466,178.0000000000,-78.6985417000,35.7280489000,24.9920000000,0.0335876644,-0.0238480847,0.1910157204,-1.1500000000,4.8300000000,0.0000000000,12.5870000000,6.0000000000,10.0000000000,5.0000000000,,1.5183329502,7.3732124181
2026-01-29 13:46:05.164559,179.0000000000,-78.6984918000,35.7280392000,24.9870000000,-0.0042915228,-0.0286711641,0.0382740796,-0.9300000000,3.9600000000,0.0000000000,12.5870000000,6.0000000000,10.0000000000,5.0000000000,,1.2818365930,8.6289453976
2026-01-29 13:46:06.166172,180.0000000000,-78.6984547000,35.7280322000,24.9860000000,-0.0224636812,-0.0277997777,-0.0659854263,-0.5900000000,2.5900000000,-0.0100000000,12.5870000000,6.0000000000,10.0000000000,5.0000000000,,1.2188882081,8.5596541158
2026-01-29 13:46:07.696729,181.0000000000,-78.6984315000,35.7280280000,24.9970000000,-0.0210968331,-0.0286484435,-0.0972054154,-0.0400000000,0.1600000000,0.0000000000,12.5870000000,6.0000000000,10.0000000000,5.0000000000,,720.4206048989,1.5177937366
2026-01-29 13:46:08.925371,182.0000000000,-78.6984330000,35.7280281000,24.9950000000,-0.0002368248,-0.0298623312,-0.0091150487,0.0200000000,-0.2400000000,0.0000000000,12.5870000000,6.0000000000,10.0000000000,5.0000000000,,1.1988383686,10.8161326866
2026-01-29 13:46:09.936789,183.0000000000,-78.6984305000,35.7280273000,24.9920000000,0.0776876733,-0.0191742443,0.2934204638,-0.3300000000,1.3300000000,0.0000000000,12.5870000000,6.0000000000,10.0000000000,5.0000000000,,1.0319968178,12.8615529042
2026-01-29 13:46:10.939654,184.0000000000,-78.6984028000,35.7280215000,24.9930000000,0.0862313733,-0.0148858316,0.3559080064,-0.9100000000,3.7400000000,-0.0100000000,12.5870000000,6.0000000000,10.0000000000,5.0000000000,,1.1166872290,11.7171277102
2026-01-29 13:46:11.945234,185.0000000000,-78.6983556000,35.7280118000,24.9940000000,0.0424234346,-0.0286385752,0.2273946702,-1.1000000000,4.6000000000,0.0000000000,12.5870000000,6.0000000000,10.0000000000,5.0000000000,,1.2313762800,9.7278820120
2026-01-29 13:46:12.950751,186.0000000000,-78.6983024000,35.7280014000,24.9890000000,0.0381560996,-0.0299376920,0.2127440572,-1.1200000000,4.8300000000,0.0000000000,12.5870000000,6.0000000000,10.0000000000,5.0000000000,,1.1609880856,9.1411749022
2026-01-29 13:46:13.956827,187.0000000000,-78.6982479000,35.7279909000,24.9900000000,0.0406705216,-0.0290965792,0.2115872502,-1.1500000000,4.9200000000,0.0000000000,12.5870000000,6.0000000000,10.0000000000,5.0000000000,,321.8779500633,5.4788003234
2026-01-29 13:46:14.963411,188.0000000000,-78.6981926000,35.7279802000,24.9900000000,0.0386092253,-0.0295956992,0.2010481805,-1.1600000000,4.9100000000,0.0000000000,12.5870000000,6.0000000000,10.0000000000,5.0000000000,,823.7799616430,0.0088170693
2026-01-29 13:46:15.965894,189.0000000000,-78.6981379000,35.7279696000,24.9910000000,0.0391973443,-0.0298606083,0.1986078471,-1.1700000000,4.8700000000,0.0000000000,12.5870000000,6.0000000000,10.0000000000,5.0000000000,,888.9667842070,0.0102469653
2026-01-29 13:46:16.971669,190.0000000000,-78.6980834000,35.7279590000,24.9920000000,0.0379352681,-0.0298459008,0.1951745600,-1.1700000000,4.8400000000,0.0000000000,12.5870000000,6.0000000000,10.0000000000,5.0000000000,,873.7872369567,0.0093915449
2026-01-29 13:46:18.034991,191.0000000000,-78.6980246000,35.7279474000,24.9930000000,0.0401133709,-0.0300444718,0.2046270370,-1.1700000000,4.8400000000,0.0000000000,12.5870000000,6.0000000000,10.0000000000,5.0000000000,,914.9028352530,0.0102138853
2026-01-29 13:46:19.037660,192.0000000000,-78.6979706000,35.7279367000,24.9930000000,0.0377841033,-0.0290519632,0.1998601854,-1.1700000000,4.8500000000,0.0000000000,12.5870000000,6.0000000000,10.0000000000,5.0000000000,,845.2180823720,0.0122680701
2026-01-29 13:46:20.039832,193.0000000000,-78.6979168000,35.7279262000,24.9930000000,0.0396900401,-0.0291287452,0.2024694085,-1.1700000000,4.8400000000,0.0000000000,12.5870000000,6.0000000000,10.0000000000,5.0000000000,,764.6510813445,0.0109851391
2026-01-29 13:46:21.045840,194.0000000000,-78.6978629000,35.7279155000,24.9930000000,0.0382287689,-0.0297453683,0.1997121871,-1.1700000000,4.8400000000,0.0000000000,12.5870000000,6.0000000000,10.0000000000,5.0000000000,,817.5346425902,0.0092550725
2026-01-29 13:46:22.052233,195.0000000000,-78.6978091000,35.7279049000,24.9950000000,0.0386704989,-0.0304455068,0.2017516345,-1.1600000000,4.8400000000,0.0000000000,12.5870000000,6.0000000000,10.0000000000,5.0000000000,,846.0000000000,0.0092488277
2026-01-29 13:46:23.053859,196.0000000000,-78.6977551000,35.7278943000,24.9950000000,0.0375461765,-0.0303438548,0.1970187128,-1.1600000000,4.8400000000,0.0000000000,12.5870000000,6.0000000000,10.0000000000,5.0000000000,,737.8313888699,0.0116683260
2026-01-29 13:46:24.060849,197.0000000000,-78.6977017000,35.7278838000,24.9930000000,0.0397275575,-0.0290176738,0.2041065693,-1.1600000000,4.8300000000,0.0000000000,12.5870000000,6.0000000000,10.0000000000,5.0000000000,,631.2300588792,0.0150339577
2026-01-29 13:46:25.067747,198.0000000000,-78.6976479000,35.7278732000,24.9930000000,0.0383934453,-0.0296367332,0.2012908906,-1.1700000000,4.8500000000,0.0000000000,12.5870000000,6.0000000000,10.0000000000,5.0000000000,,564.3501726567,0.0143132342
2026-01-29 13:46:26.073253,199.0000000000,-78.6975940000,35.7278626000,24.9930000000,0.0380763263,-0.0287262574,0.2017449141,-1.1600000000,4.8400000000,0.0000000000,12.5870000000,6.0000000000,10.0000000000,5.0000000000,,565.8430035842,0.0130074196
2026-01-29 13:46:27.075004,200.0000000000,-78.6975401000,35.7278520000,24.9940000000,0.0375587679,-0.0291344151,0.1981455535,-1.1600000000,4.8400000000,0.0000000000,12.5870000000,6.0000000000,10.0000000000,5.0000000000,,601.6104929435,0.0135511188
2026-01-29 13:46:28.082519,201.0000000000,-78.6974864000,35.7278414000,24.9950000000,0.0396920703,-0.0309896600,0.2029985189,-1.1600000000,4.8200000000,0.0000000000,12.5870000000,6.0000000000,10.0000000000,5.0000000000,,527.6388838043,0.0148911972
2026-01-29 13:46:29.667242,202.0000000000,-78.6974004000,35.7278245000,24.9940000000,0.0380519293,-0.0286746006,0.2004378736,-1.1600000000,4.8400000000,0.0000000000,12.5870000000,6.0000000000,10.0000000000,5.0000000000,,438.5595753690,0.0174816740
2026-01-29 13:46:30.673434,203.0000000000,-78.6973467000,35.7278139000,24.9930000000,0.0379277915,-0.0285642892,0.2022110224,-1.1600000000,4.8400000000,0.0000000000,12.5870000000,6.0000000000,10.0000000000,5.0000000000,,432.1541262350,0.0176061565
2026-01-29 13:46:31.743338,204.0000000000,-78.6972872000,35.7278022000,24.9940000000,0.0374018773,-0.0306753702,0.1966788322,-1.1600000000,4.8200000000,0.0000000000,12.5870000000,6.0000000000,10.0000000000,5.0000000000,,442.2694929920,0.0135441113
2026-01-29 13:46:32.748691,205.0000000000,-78.6972339000,35.7277917000,24.9950000000,0.0391547196,-0.0293285660,0.2045785040,-1.1600000000,4.8300000000,0.0000000000,12.5870000000,6.0000000000,10.0000000000,5.0000000000,,427.3002448364,0.0153735054
2026-01-29 13:46:33.754275,206.0000000000,-78.6971798000,35.7277811000,24.9950000000,0.0372155719,-0.0301052406,0.1980366409,-1.1600000000,4.8300000000,0.0000000000,12.5870000000,6.0000000000,10.0000000000,5.0000000000,,525.0393986421,0.0148105365
2026-01-29 13:46:34.755972,207.0000000000,-78.6971263000,35.7277705000,24.9950000000,0.0391656011,-0.0303620473,0.2032261640,-1.1600000000,4.8400000000,0.0000000000,12.5870000000,6.0000000000,10.0000000000,5.0000000000,,558.5798354357,0.0243161995
2026-01-29 13:46:35.757613,208.0000000000,-78.6970724000,35.7277599000,24.9950000000,0.0374771506,-0.0299164020,0.2000240237,-1.1600000000,4.8400000000,0.0000000000,12.5870000000,6.0000000000,10.0000000000,5.0000000000,,486.2209754978,0.0555244905
2026-01-29 13:46:36.759468,209.0000000000,-78.6970186000,35.7277494000,24.9950000000,0.0389722511,-0.0288979206,0.2003744990,-1.1600000000,4.8300000000,0.0000000000,12.5870000000,6.0000000000,10.0000000000,5.0000000000,,481.6444107269,0.0253885316
2026-01-29 13:46:37.760629,210.0000000000,-78.6969646000,35.7277387000,24.9950000000,0.0366991237,-0.0302360151,0.1975892186,-1.1600000000,4.8300000000,0.0000000000,12.5870000000,6.0000000000,10.0000000000,5.0000000000,,460.5328207053,0.0209903159
2026-01-29 13:46:38.762796,211.0000000000,-78.6969113000,35.7277282000,24.9950000000,0.0391963944,-0.0306285378,0.2045653313,-1.1600000000,4.8300000000,0.0000000000,12.5870000000,6.0000000000,10.0000000000,5.0000000000,,483.4746584469,0.0189772725
2026-01-29 13:46:39.770066,212.0000000000,-78.6968574000,35.7277176000,24.9940000000,0.0380882435,-0.0293394160,0.2023285627,-1.1700000000,4.8500000000,0.0000000000,12.5870000000,6.0000000000,10.0000000000,5.0000000000,,563.8857031242,0.0164772916
2026-01-29 13:46:40.771634,213.0000000000,-78.6968035000,35.7277070000,24.9950000000,0.0378068238,-0.0300935917,0.2004541010,-1.1600000000,4.8400000000,0.0000000000,12.5870000000,6.0000000000,10.0000000000,5.0000000000,,453.1152059186,0.0170856787
2026-01-29 13:46:41.777003,214.0000000000,-78.6967495000,35.7276964000,24.9950000000,0.0373392776,-0.0309831556,0.1986723095,-1.1600000000,4.8300000000,0.0000000000,12.5870000000,6.0000000000,10.0000000000,5.0000000000,,390.1556190672,0.0188408722
2026-01-29 13:46:42.778147,215.0000000000,-78.6966979000,35.7276863000,24.9940000000,0.0048180302,-0.0341002345,0.0754738376,-1.0000000000,4.2100000000,0.0000000000,12.5870000000,6.0000000000,10.0000000000,5.0000000000,,413.8477313913,0.0175871761
2026-01-29 13:46:43.780486,216.0000000000,-78.6966575000,35.7276785000,24.9920000000,-0.0157885216,-0.0352456123,-0.0282021128,-0.6900000000,2.9400000000,0.0000000000,12.5870000000,6.0000000000,10.0000000000,5.0000000000,,434.8336894428,0.0206227791
2026-01-29 13:46:44.786155,217.0000000000,-78.6966333000,35.7276740000,24.9950000000,-0.0364854708,-0.0330481417,-0.1380996704,-0.2900000000,1.2700000000,0.0000000000,12.5870000000,6.0000000000,10.0000000000,5.0000000000,,492.0173200368,0.0171933968
2026-01-29 13:46:45.788867,218.0000000000,-78.6966266000,35.7276728000,24.9990000000,-0.0122057330,-0.0361207612,-0.0597179309,-0.0100000000,0.0000000000,0.0000000000,12.5870000000,6.0000000000,10.0000000000,5.0000000000,,443.1357362888,0.0231752386
2026-01-29 13:46:46.802156,219.0000000000,-78.6966281000,35.7276728000,24.9970000000,0.0000263189,-0.0363354757,-0.0053107217,0.0300000000,-0.2300000000,0.0000000000,12.5870000000,6.0000000000,10.0000000000,5.0000000000,,509.7441853678,0.0212426227
2026-01-29 13:46:48.746793,220.0000000000,-78.6966336000,35.7276695000,24.9960000000,0.2846642733,-0.0496907271,-0.1014051512,-1.4000000000,-0.5400000000,0.0000000000,12.5870000000,6.0000000000,10.0000000000,5.0000000000,,410.1434025341,0.0198053527
2026-01-29 13:46:49.752563,221.0000000000,-78.6966436000,35.7276465000,24.9970000000,0.3455919325,-0.0571350753,-0.1203733087,-3.7300000000,-1.2600000000,0.0000000000,12.5870000000,6.0000000000,10.0000000000,5.0000000000,,564.3799259784,0.0149958100
2026-01-29 13:46:50.758685,222.0000000000,-78.6966595000,35.7276080000,24.9960000000,0.2161578387,-0.0437143333,-0.0579433627,-4.5300000000,-1.5000000000,0.0000000000,12.5870000000,6.0000000000,10.0000000000,5.0000000000,,438.4378210924,0.0227583851
2026-01-29 13:46:51.760741,223.0000000000,-78.6966763000,35.7275658000,24.9900000000,0.2104617208,-0.0447127819,-0.0550329909,-4.7300000000,-1.5300000000,0.0000000000,12.5870000000,6.0000000000,10.0000000000,5.0000000000,,488.0130495360,0.0165306059
2026-01-29 13:46:52.762321,224.0000000000,-78.6966933000,35.7275221000,24.9900000000,0.1665537953,-0.0415019542,-0.0415988192,-4.7000000000,-1.5100000000,-0.0100000000,12.5870000000,6.0000000000,10.0000000000,5.0000000000,,538.1947697815,0.0171799001
2026-01-29 13:46:53.764088,225.0000000000,-78.6967081000,35.7274834000,24.9880000000,0.0293351915,-0.0389613137,0.0020167152,-3.7000000000,-1.1900000000,0.0000000000,12.5870000000,6.0000000000,10.0000000000,5.0000000000,,550.7731940883,0.0166839039
2026-01-29 13:46:54.766759,226.0000000000,-78.6967186000,35.7274557000,24.9890000000,-0.0778498426,-0.0407642797,0.0305500012,-2.2500000000,-0.7400000000,0.0000000000,12.5870000000,6.0000000000,10.0000000000,5.0000000000,,500.9658214750,0.0165028103
2026-01-29 13:46:55.773029,227.0000000000,-78.6967234000,35.7274427000,24.9930000000,-0.1269875318,-0.0426479317,0.0411487669,-0.5900000000,-0.2300000000,0.0000000000,12.5870000000,6.0000000000,10.0000000000,5.0000000000,,421.4601509749,0.0192779375
2026-01-29 13:46:56.779612,228.0000000000,-78.6967241000,35.7274414000,24.9940000000,-0.0410056785,-0.0406191014,0.0106287450,0.1400000000,-0.0100000000,0.0000000000,12.5870000000,6.0000000000,10.0000000000,5.0000000000,,507.0804716522,0.0126228644
2026-01-29 13:46:57.785899,229.0000000000,-78.6967238000,35.7274433000,24.9920000000,0.0070569925,-0.0406687520,0.0080929259,0.1700000000,0.0600000000,0.0000000000,12.5870000000,6.0000000000,10.0000000000,5.0000000000,,492.2594676859,0.0106451865
2026-01-29 13:46:58.791268,230.0000000000,-78.6967098000,35.7274406000,24.9910000000,0.1355009377,-0.0222958699,0.3004355729,-0.8800000000,2.4000000000,-0.0100000000,12.5870000000,6.0000000000,10.0000000000,5.0000000000,,457.1540106256,0.0139282176
2026-01-29 13:46:59.817692,231.0000000000,-78.6966722000,35.7274291000,24.9940000000,0.0960915834,-0.0336335935,0.2380467057,-1.6600000000,4.2000000000,-0.0100000000,12.5870000000,6.0000000000,10.0000000000,5.0000000000,,414.8481084889,0.0151297448
2026-01-29 13:47:00.823610,232.0000000000,-78.6966228000,35.7274133000,24.9870000000,0.0698805749,-0.0394333750,0.2001315951,-1.8000000000,4.5500000000,0.0000000000,12.5870000000,6.0000000000,10.0000000000,5.0000000000,,410.1214023680,0.0225387882
2026-01-29 13:47:01.830670,233.0000000000,-78.6965709000,35.7273967000,24.9820000000,0.0668094978,-0.0400611497,0.1969699860,-1.8200000000,4.6800000000,-0.0100000000,12.5870000000,6.0000000000,10.0000000000,5.0000000000,,353.0727432566,0.0221258771
2026-01-29 13:47:02.839428,234.0000000000,-78.6965178000,35.7273798000,24.9840000000,0.0628909171,-0.0410057306,0.1869225800,-1.8300000000,4.7100000000,-0.0100000000,12.5870000000,6.0000000000,10.0000000000,5.0000000000,,432.4968227775,0.0186954471
2026-01-29 13:47:03.849709,235.0000000000,-78.6964655000,35.7273632000,24.9870000000,0.0649146885,-0.0407514349,0.1880073994,-1.8200000000,4.6800000000,0.0000000000,12.5870000000,6.0000000000,10.0000000000,5.0000000000,,492.1665877334,0.0209294294
2026-01-29 13:47:04.851865,236.0000000000,-78.6964134000,35.7273467000,24.9870000000,0.0648273528,-0.0408964157,0.1858959794,-1.8200000000,4.6600000000,0.0000000000,12.5870000000,6.0000000000,10.0000000000,5.0000000000,,439.7290003377,0.0161770907
2026-01-29 13:47:05.859171,237.0000000000,-78.6963620000,35.7273302000,24.9870000000,0.0349655375,-0.0453360714,0.1192672029,-1.7800000000,4.5300000000,0.0000000000,12.5870000000,6.0000000000,10.0000000000,5.0000000000,,463.0000000000,0.0198629509
2026-01-29 13:47:06.865957,238.0000000000,-78.6963165000,35.7273157000,24.9840000000,-0.0119567299,-0.0477570891,0.0033301259,-1.3700000000,3.5100000000,0.0000000000,12.5870000000,6.0000000000,10.0000000000,5.0000000000,,425.1145807991,0.0596302890
2026-01-29 13:47:08.502657,239.0000000000,-78.6962746000,35.7273027000,24.6460000000,-0.0856610388,-0.0407227241,-0.1960108876,-0.2200000000,0.5900000000,0.8500000000,12.5870000000,6.0000000000,10.0000000000,5.0000000000,,280.3548533346,0.0623361787
2026-01-29 13:47:09.746564,240.0000000000,-78.6962723000,35.7273021000,22.9850000000,-0.0068297121,-0.0498437174,-0.0267740842,0.0000000000,-0.0800000000,1.5400000000,12.5870000000,6.0000000000,10.0000000000,5.0000000000,,224.8357571524,0.1053681759
2026-01-29 13:47:10.747560,241.0000000000,-78.6962738000,35.7273022000,21.4460000000,-0.0000003645,-0.0500040464,-0.0016545433,0.0200000000,-0.1300000000,1.4400000000,12.5870000000,6.0000000000,10.0000000000,5.0000000000,,255.2518888644,0.0570673582
2026-01-29 13:47:11.749590,242.0000000000,-78.6962752000,35.7273024000,19.9640000000,0.0010133628,-0.0497035868,0.0045946375,0.0200000000,-0.0800000000,1.4400000000,12.5870000000,6.0000000000,10.0000000000,5.0000000000,,303.5594250382,0.0392039206
2026-01-29 13:47:12.750845,243.0000000000,-78.6962760000,35.7273025000,18.4700000000,0.0003116225,-0.0500780120,0.0037024622,0.0200000000,-0.0300000000,1.4600000000,12.5870000000,6.0000000000,10.0000000000,5.0000000000,,325.4437778239,0.0328054688
2026-01-29 13:47:13.752056,244.0000000000,-78.6962762000,35.7273026000,16.9700000000,-0.0002091486,-0.0502758883,0.0006173250,0.0200000000,-0.0100000000,1.4600000000,12.5870000000,6.0000000000,10.0000000000,5.0000000000,,345.9736171350,0.0360325362
2026-01-29 13:47:14.753677,245.0000000000,-78.6962763000,35.7273026000,15.4690000000,-0.0006702233,-0.0509576723,-0.0017453423,0.0200000000,-0.0200000000,1.4600000000,12.5870000000,6.0000000000,10.0000000000,5.0000000000,,262.6067434744,0.0400467411
2026-01-29 13:47:15.760169,246.0000000000,-78.6962763000,35.7273026000,13.9720000000,-0.0003025941,-0.0494387709,-0.0014725270,0.0200000000,-0.0200000000,1.4600000000,12.5870000000,6.0000000000,10.0000000000,5.0000000000,,282.1647782460,0.0398050071
2026-01-29 13:47:16.762228,247.0000000000,-78.6962764000,35.7273026000,12.4760000000,-0.0005915206,-0.0502537042,-0.0018078467,0.0200000000,-0.0300000000,1.4600000000,12.5870000000,6.0000000000,10.0000000000,5.0000000000,,268.1048808840,0.0314971499
2026-01-29 13:47:17.763552,248.0000000000,-78.6962764000,35.7273026000,11.0130000000,-0.0003250361,-0.0497135147,-0.0017386097,0.0200000000,-0.0300000000,1.2600000000,12.5870000000,6.0000000000,10.0000000000,5.0000000000,,297.0931067480,0.0260729003
2026-01-29 13:47:18.768552,249.0000000000,-78.6962764000,35.7273027000,10.2340000000,-0.0003527810,-0.0498670153,-0.0016099502,0.0200000000,-0.0300000000,0.4200000000,12.5870000000,6.0000000000,10.0000000000,5.0000000000,,245.7869800172,0.0220347069
2026-01-29 13:47:19.770390,250.0000000000,-78.6962765000,35.7273027000,9.7960000000,0.0002594119,-0.0500922464,-0.0015068650,0.0200000000,-0.0300000000,0.4900000000,12.5870000000,6.0000000000,10.0000000000,5.0000000000,,236.0382096224,0.0237282854
2026-01-29 13:47:20.775477,251.0000000000,-78.6962765000,35.7273027000,9.2930000000,0.0002335614,-0.0498932265,-0.0015963651,0.0100000000,-0.0200000000,0.5200000000,12.5870000000,6.0000000000,10.0000000000,5.0000000000,,226.6208605542,0.0241516924
2026-01-29 13:47:21.782711,252.0000000000,-78.6962766000,35.7273027000,8.7860000000,0.0000144431,-0.0495534949,-0.0005244736,0.0100000000,-0.0200000000,0.5100000000,12.5870000000,6.0000000000,10.0000000000,5.0000000000,,339.8460603640,0.0711244038
2026-01-29 13:47:22.784317,253.0000000000,-78.6962766000,35.7273027000,8.2850000000,0.0004513289,-0.0488930866,-0.0006161830,0.0100000000,-0.0100000000,0.5000000000,12.5870000000,6.0000000000,10.0000000000,5.0000000000,,228.3932904281,0.1950029144
2026-01-29 13:47:23.786763,254.0000000000,-78.6962766000,35.7273028000,7.7820000000,0.0002735686,-0.0494268350,-0.0011466311,0.0100000000,-0.0100000000,0.5000000000,12.5870000000,6.0000000000,10.0000000000,5.0000000000,,361.9409024884,0.0506947161
2026-01-29 13:47:24.787648,255.0000000000,-78.6962766000,35.7273028000,7.2810000000,0.0000997547,-0.0505073220,-0.0008839426,0.0100000000,-0.0100000000,0.5000000000,12.5870000000,6.0000000000,10.0000000000,5.0000000000,,242.8750773138,0.0807660746
2026-01-29 13:47:25.797749,256.0000000000,-78.6962766000,35.7273028000,6.7770000000,0.0001642444,-0.0504927784,-0.0009825183,0.0100000000,-0.0100000000,0.5000000000,12.5870000000,6.0000000000,10.0000000000,5.0000000000,,161.7190994708,0.1761650512
2026-01-29 13:47:26.811736,257.0000000000,-78.6962766000,35.7273028000,6.2270000000,0.0002517180,-0.0498651266,-0.0011309695,0.0100000000,-0.0100000000,0.5000000000,12.5870000000,6.0000000000,10.0000000000,5.0000000000,,130.2994500568,0.1353042441
2026-01-29 13:47:27.813733,258.0000000000,-78.6962766000,35.7273027000,5.7250000000,0.0003091631,-0.0500968583,-0.0012519775,0.0100000000,-0.0100000000,0.4900000000,12.5870000000,6.0000000000,10.0000000000,5.0000000000,,119.7215376515,0.1212047739
2026-01-29 13:47:28.814977,259.0000000000,-78.6962766000,35.7273027000,5.2240000000,0.0001327223,-0.0501048900,-0.0012929984,0.0100000000,-0.0200000000,0.4900000000,12.5870000000,6.0000000000,10.0000000000,5.0000000000,,50.1581246953,0.0719732585
2026-01-29 13:47:29.817468,260.0000000000,-78.6962766000,35.7273027000,4.7220000000,0.0000086216,-0.0498626605,-0.0011825571,0.0100000000,-0.0200000000,0.4900000000,12.5870000000,6.0000000000,10.0000000000,5.0000000000,,0.0000000000,0.0000996890
2026-01-29 13:47:30.820746,261.0000000000,-78.6962766000,35.7273027000,4.2210000000,0.0004093924,-0.0497490503,-0.0012528020,0.0100000000,-0.0200000000,0.4900000000,12.5870000000,6.0000000000,10.0000000000,5.0000000000,,0.0000000000,0.0000996890
2026-01-29 13:47:32.743134,262.0000000000,-78.6962766000,35.7273027000,3.2710000000,0.0001772324,-0.0500008091,-0.0012390969,0.0100000000,-0.0200000000,0.4900000000,12.5870000000,6.0000000000,10.0000000000,5.0000000000,,23.9041304678,0.0455553118
2026-01-29 13:47:33.747188,263.0000000000,-78.6962766000,35.7273027000,2.7710000000,-0.0000710875,-0.0499507561,-0.0011713862,0.0100000000,-0.0200000000,0.4900000000,12.5870000000,6.0000000000,10.0000000000,5.0000000000,,150.1645552218,0.1902689537
2026-01-29 13:47:34.752725,264.0000000000,-78.6962766000,35.7273028000,2.2690000000,0.0002777172,-0.0501862690,-0.0005003936,0.0100000000,-0.0100000000,0.4900000000,12.5870000000,6.0000000000,10.0000000000,5.0000000000,,273.0216404083,0.0713858265
2026-01-29 13:47:35.758970,265.0000000000,-78.6962766000,35.7273027000,1.7680000000,-0.0000017830,-0.0499883145,-0.0009442038,0.0100000000,-0.0100000000,0.4900000000,12.5870000000,6.0000000000,10.0000000000,5.0000000000,,247.2071039091,0.0525812030
2026-01-29 13:47:36.760102,266.0000000000,-78.6962766000,35.7273028000,1.2680000000,0.0001625170,-0.0498697497,-0.0010336871,0.0100000000,-0.0100000000,0.4900000000,12.5870000000,6.0000000000,10.0000000000,5.0000000000,,188.9296673199,0.0531794337
2026-01-29 13:47:37.765752,267.0000000000,-78.6962766000,35.7273027000,0.7680000000,-0.0004786122,-0.0499830358,-0.0011522775,0.0100000000,-0.0100000000,0.4900000000,12.5870000000,6.0000000000,10.0000000000,5.0000000000,,62.5351747649,0.0464586855
2026-01-29 13:47:38.767275,268.0000000000,-78.6962766000,35.7273027000,0.2690000000,-0.0002181099,-0.0500018150,-0.0010174139,0.0100000000,-0.0100000000,0.4900000000,12.5870000000,6.0000000000,10.0000000000,5.0000000000,,0.0000000000,0.0000602330
2026-01-29 13:47:39.772854,269.0000000000,-78.6962766000,35.7273027000,0.0540000000,0.0002007398,-0.0499271974,-0.0011922657,0.0100000000,-0.0200000000,0.0300000000,12.5870000000,6.0000000000,10.0000000000,5.0000000000,,0.0000000000,0.0000602330
